feature_type,density_column,n_chromosomes,pearson_r,pearson_pvalue,spearman_rho,spearman_pvalue
gene,gene_density_per_mb,17,0.4212495331869556,0.09218474917833641,0.18382352941176472,0.4800344013399135
exon,exon_density_per_mb,17,-0.47725614459664095,0.05271545094500093,-0.37500000000000006,0.13803484396804877
tRNA,tRNA_density_per_mb,17,-0.4608903036459286,0.06260937122363777,-0.3970588235294118,0.1145417756110758
snoRNA,snoRNA_density_per_mb,17,0.23889748127370544,0.3557765234363901,0.3237278352189709,0.20495287777210983
